title,price,Date
"
                  Miraan Men's Long Sleeve Casual Denim Shirt (SIGDENIM)
                 ",609,05-09-2023
"
                  Miraan Men's Long Sleeve Casual Denim Shirt (SIGDENIM)
                 ",595,10-09-2023
"
                  Miraan Men's Long Sleeve Casual Denim Shirt (SIGDENIM)
                 ",595,10-09-2023
"
                  Miraan Men's Long Sleeve Casual Denim Shirt (SIGDENIM)
                 ",595,15-09-2023
"
                  Miraan Men's Long Sleeve Casual Denim Shirt (SIGDENIM)
                 ",595,20-09-2023
"
                  Miraan Men's Long Sleeve Casual Denim Shirt (SIGDENIM)
                 ",595,25-09-2023
"
                  Miraan Men's Long Sleeve Casual Denim Shirt (SIGDENIM)
                 ",595,30-09-2023
